{
    "rmse": 0.652901799265158,
    "mae": 0.5205849936061998,
    "r2": 0.32077635518852654
}