{
    "rmse": 0.6642487419656004,
    "mae": 0.5165591403405462,
    "r2": 0.2928780941497934
}