{
    "rmse": 0.7181171722010309,
    "mae": 0.559505831559151,
    "r2": 0.29327574340604534
}