{
    "rmse": 0.6954875364654541,
    "mae": 0.5422694215644063,
    "r2": 0.2905241269058174
}